acquirer,approx_assets,approx_deposit,bank_name,closing_date
"Delta Trust and Bank, Parkdale, AR agreed to assume all insured deposits. (BIF)",$30.7,$25.7,Sinclair National Bank,"September 7, 2001"
"The Federal Deposit Insurance Corporation today transferred the insured deposits and substantially all the assets of Superior Bank, FSB, Hinsdale, IL, to Superior Federal, FSB (New Superior), a newly chartered, full-service mutual savings bank. The bank was closed earlier today by the Office of Thrift Supervision, and the FDIC was named conservator. (SAIF)","$2,300.0","$1,600.0",Superior Bank,"July 27, 2001"
"North Valley Bank, Zanesville, OH agreed to assume all deposits. (BIF)",$9.5,$8.8,The Malta National Bank,"May 3, 2001"
"Southern New Hampshire Bank and Trust Company, Salem, NH agreed to assume all deposits.",$18.4,$17.5,First Alliance Bank & Trust Company,"February 2, 2001"
"Sabine State Bank and Trust Company, Many, LA agreed to assume all deposits.(BIF)",$37.0,$33.1,Farmers Bank & Trust of Cheneyville,"December 17, 2002"
The FDIC has approved the payout of the insured deposits of Bank of Alamo. (BIF),$69.4,$55.3,Bank of Alamo,"November 8, 2002"
The FDIC has approved the payout of the insured deposits of AmTrade International Bank. (BIF),$12.0,$10.2,AmTrade International Bank,"September 30, 2002"
"Chicago Community Bank, Chicago, IL agreed to assume all deposits. (SAIF)",$52.0,$40.0,Universal Federal Savings Bank,"June 27, 2002"
"Hudson United Bank, Mahwah, NJ agreed to assume all deposits. (BIF)",$398.6,$323.7,Connecticut Bank of Commerce,"June 26, 2002"
The FDIC has approved the payout of the insured deposits of New Century Bank. (BIF),$19.0,$18.0,New Century Bank,"March 28, 2002"
"Bank Leumi USA of New York, NY agreed to assume all deposits. (BIF)",$34.7,$23.9,Net 1st National Bank,"March 1, 2002"
"The FDIC has approved the payout of the insured deposits of NextBank, N.A. (BIF)",$700.0,$554.0,NextBank,"February 7, 2002"
"The State Bank and Trust Company of Defiance, OH agreed to assume all deposits. (BIF)",$72.3,$60.2,Oakwood Deposit Bank Company,"February 1, 2002"
"The Security State Bank of Pecos, Pecos, TX greed to assume all deposits. (BIF)",$10.8,$9.8,Bank of Sierra Blanca,"January 18, 2002"
"Israel Discount Bank of New York, New York, NY greed to assume all deposits. (BIF)","$1,200.0","$1,300.0",Hamilton Bank,"January 11, 2002"
"Earthstar Bank, South Hampton, PA agreed to assume all deposits. (BIF)",$10.2,$9.2,Pulaski Savings Bank,"November 14, 2003"
"The Park Bank, Madison, WI agreed to assume all deposits. (BIF)",$35.0,$29.0,First National Bank of Blanchardville,"May 9, 2003"
"Beal Bank of Plano, TX agreed to assume all deposits. (BIF)","$1,000.0",$865.0,Southern Pacific Bank,"February 7, 2003"
"Far West Bank, Provo, UT agreed to assume all deposits. (BIF)",$46.4,$45.2,Bank of Ephraim,"June 25, 2004"
"Union State Bank, Orangeburg, NY agreed to assume all deposits. (BIF)",$30.3,$28.0,Reliance Bank,"March 19, 2004"
"Hancock Bank of Florida, Tallahassee, FL agreed to assume all deposits. (BIF)",$74.1,$66.9,Guaranty National Bank of Tallahassee,"March 12, 2004"
The FDIC has approved the payout of the insured deposits of Dollar Savings Bank of Newark. (SAIF),$12.3,$9.8,Dollar Savings Bank of Newark,"February 14, 2004"
"The Citizens Banking Company, Sandusky, OH agreed to assume all deposits.",$86.7,$76.0,Miami Valley Bank,"October 4, 2007"
"ING Bank, fsb (ING DIRECT) has agreed to assume $1.5 billion of the failed bank's insured non-brokered deposits.","$2,500.0","$2,300.0",NetBank,"September 28, 2007"
"Allegheny Valley Bank of Pittsburgh, PA has agreed to assume approximately $12.0 million of insured deposits.",$15.8,$12.0,Metropolitan Savings,"February 2, 2007"
"Pecos County State Bank, Fort Stockton, TX assumed all deposits.",$37.0,$27.9,Sanderson State Bank,"December 12, 2008"
"Branch Banking and Trust Company, Winston-Salem, NC assumed all deposits.",$572.0,$515.0,Haven Trust Bank,"December 12, 2008"
"United Bank, Zebulon, GA assumed all deposits.",$237.5,$197.4,First Georgia Community Bank,"December 5, 2008"
"In a transaction facilitated by the FDIC, U.S. Bank, National Association, acquired the banking operations of PFF Bank and Trust, and agreed to assume all deposits.","$3,700.0","$2,400.0",PFF Bank and Trust,"November 21, 2008"
"In a transaction facilitated by the FDIC, U.S. Bank, National Association, acquired the banking operations of Downey Savings and Loan Association, and agreed to assume all deposits.","$12,800.0","$9,700.0",Downey Savings and Loan Association,"November 21, 2008"
"Bank of Essex, Tappahannock, VA agreed to assume all deposits.",$681.0,$611.4,Community Bank,"November 21, 2008"
"Pacific Western Bank, Los Angeles, California agreed to assume all deposits.",$561.1,$450.1,Security Pacific Bank,"November 7, 2008"
"Prosperity Bank, El Campo, TX agreed to assume all deposits.","$5,100.0","$3,700.0",Franklin Bank,"November 7, 2008"
"Fifth Third Bank of Grand Rapids, MI agreed to assume all deposits.",$287.0,$254.0,Freedom Bank,"October 31, 2008"
"Stearns Bank National Association, St. Cloud, MN agreed to assume the non-brokered insured deposits.",$354.1,$346.2,Alpha Bank & Trust,"October 24, 2008"
"National Bank of Hillsboro, IL assumed all deposits.",$39.18,$36.88,Meridian Bank,"October 10, 2008"
"Monroe Bank & Trust of Monroe, MI agreeed to assume all deposits.",$98.0,$86.0,Main Street Bank,"October 10, 2008"
"In a transaction facilitated by the FDIC, JPMorgan Chase acquired the banking operations of Washington Mutual Bank, and agreed to assume all deposits (approximately $188 billion).","$307,000.0","$188,000.0",Washington Mutual Bank,"September 25, 2008"
"Pioneer Community Bank, Inc., Iaeger, West Virginia agreed to assume all deposits at Ameribank's WV branches; The Citizens Savings Bank, Martins Ferry, OH agreed to assume all deposits at Ameribank's Ohio branches.
.",$115.0,$102.0,Ameribank,"September 19, 2008"
"Nevada State Bank, Las Vegas, NV agreed to assume the non-brokered insured deposits.","$2,000.0","$1,700.0",Silver State Bank,"September 5, 2008"
"Regions Bank, Birmingham, AL agreed to assume all deposits.","$1,100.0",$974.0,Integrity Bank,"August 29, 2008"
"Citizens Bank and Trust Company, Chillicothe, MO agreed to assume all deposits.",$752.0,$622.0,Columbian Bank and Trust,"August 22, 2008"
"SunTrust Bank, Atlanta, GA agreed to assume the non-brokered insured deposits.",$259.0,$227.0,First Priority Bank,"August 1, 2008"
"Mutual of Omaha Bank, Omaha, Nebraska agreed to assume all deposits (approximately $3.0 billion). On June 30, 2008, First National Bank of Arizona, Scottsdale, Arizona, merged with First National Bank of Nevada and was included in this action.","$3,400.0","$3,000.0",First National Bank of Nevada,"July 25, 2008"
"Mutual of Omaha Bank, Omaha, NE agreed to assume all deposits (approximately $233 million).",$254.0,$233.0,First Heritage Bank National Association,"July 25, 2008"
"Non-brokered insured deposits and substantially all of the assets were transferred to IndyMac Federal Bank, F.S.B., Pasadena, California. The FDIC was named Conservator.","$32,010.0","19,060.0",IndyMac Bank,"July 11, 2008"
"First International Bank and Trust, Watford City, ND agreed to assume all deposits.",$54.7,$50.3,First Integrity Bank,"May 30, 2008"
"Pulaski Bank and Trust Company, Little Rock, AR agreed to assume the non-brokered insured deposits (approximately $212.9 million).","$2,100.0","$1,800.0",ANB Financial,"May 9, 2008"
"Security Bank, Rich Hill, MO agreed to assume the insured deposits (approximately $12.5 million).",$18.7,$13.6,Hume Bank,"March 7, 2008"
"Liberty Bank and Trust Company of New Orleans, LA agreed to assume all deposits (approximately $53.8 million).",$58.5,$53.8,Douglass National Bank,"January 25, 2008"
"OneWest Bank, FSB, Pasadena, CA has agreed to assume all deposits.","$6,100.0","$4,500.0",First Federal Bank of California,"December 18, 2009"
"City National Bank, Los Angeles, CA has agreed to assume all deposits, excluding certain brokered deposits.","$4,000.0","$2,800.0",Imperial Capital Bank,"December 18, 2009"
"The FDIC created a bridge bank, Independent Bankers' Bank Bridge Bank (IBB Bridge Bank, National Association), to take over operations.",$585.5,$511.5,Independent Bankers' Bank,"December 18, 2009"
"Beal Bank, Plano, TX has agreed to assume all deposits.","$1,500.0","$1,200.0",New South Federal Savings Bank,"December 18, 2009"
"Deposit Insurance National Bank of New Baltimore, New Baltimore, MI has agreed to assume insured deposits.",$168.6,$157.1,Citizens State Bank,"December 18, 2009"
"Hancock Bank, Gulfport, MS has agreed to assume all deposits, excluding certain brokered deposits.","$1,800.0","$1,700.0",Peoples First Community Bank,"December 18, 2009"
The FDIC has approved the payout of the insured deposits of RockBridge Commercial Bank.,$294.0,$291.7,RockBridge Commercial Bank,"December 18, 2009"
"Arvest Bank, Fayetteville, AR has agreed to assume all deposits, excluding certain brokered deposits.",$511.1,$421.3,SolutionsBank,"December 11, 2009"
"Enterprise Bank & Trust, Clayton, MO has agreed to assume all deposits.",$40.3,$41.3,Valley Capital Bank,"December 11, 2009"
"1st United Bank, Boca Raton, FL has agreed to assume all deposits, excluding certain brokered deposits.",$433.0,$352.7,Republic Federal Bank,"December 11, 2009"
"Sonabank, McLean, VA has agreed to assume all deposits.",$203.0,$179.0,Greater Atlantic Bank,"December 4, 2009"
"MB Financial Bank, National Association, Chicago, IL has agreed to assume all deposits, excluding certain brokered deposits.",$170.0,$181.0,Benchmark Bank,"December 4, 2009"
"New York Community Bank, Westbury, NY has agreed to assume all deposits.","$12,000.0","$8,000.0",AmTrust Bank,"December 4, 2009"
"HeritageBank of the South, Albany, GA has agreed to assume all deposits, excluding certain brokered deposits.",$49.6,$47.3,The Tattnall Bank,"December 4, 2009"
"State Bank and Trust Company, Macon, GA has agreed to assume all deposits, excluding certain brokered deposits.",$128.0,$123.0,First Security National Bank,"December 4, 2009"
"State Bank and Trust Company, Macon, GA has agreed to assume all deposits, excluding certain brokered deposits.",$874.0,$838.0,The Buckhead Community Bank,"December 4, 2009"
"Central Bank, Stillwater, MN has agreed to assume all deposits, excluding certain brokered deposits.",$79.7,$76.7,Commerce Bank of Southwest Florida,"November 20, 2009"
"Sunwest Bank, Tustin, CA has agreed to assume all deposits, excluding certain brokered deposits.",$134.4,$130.9,Pacific Coast National Bank,"November 13, 2009"
"IBERIABANK, Lafayette, LA has agreed to assume all deposits, excluding certain brokered deposits.","$2,700.0","$2,100.0",Orion Bank,"November 13, 2009"
"IBERIABANK, Lafayette, LA has agreed to assume all deposits, excluding certain brokered deposits.",$728.0,$631.0,Century Bank,"November 13, 2009"
"East West Bank, Pasadena, CA has agreed to assume all deposits, excluding certain brokered deposits.","$11,200.0","$7,500.0",United Commercial Bank,"November 6, 2009"
"Central Bank of Kansas City, Kansas City, MO has agreed to assume all deposits.",$27.7,$27.9,Gateway Bank of St. Louis,"November 6, 2009"
"Alerus Financial, National Association, Grand Forks, ND has agreed to assume all deposits, excluding certain brokered deposits.",$199.5,$175.6,Prosperan Bank,"November 6, 2009"
"Liberty Bank and Trust Company, New Orleans, LA has agreed to assume all deposits.",$14.9,$12.8,Home Federal Savings Bank,"November 6, 2009"
"Ameris Bank, Moultrie, GA has agreed to assume all deposits, excluding certain brokered deposits.",$157.0,$150.0,United Security Bank,"November 6, 2009"
"U.S. Bank National Association, Minneapolis, MN has agreed to assume all deposits.",$326.2,$308.0,North Houston Bank,"October 30, 2009"
"U.S. Bank National Association, Minneapolis, MN has agreed to assume all deposits.",$256.7,$225.2,Madisonville State Bank,"October 30, 2009"
"U.S. Bank National Association, Minneapolis, MN has agreed to assume all deposits.",$118.2,$97.7,Citizens National Bank,"October 30, 2009"
"U.S. Bank National Association, Minneapolis, MN has agreed to assume all deposits.","$4,700.0","$3,700.0",Park National Bank,"October 30, 2009"
"U.S. Bank National Association, Minneapolis, MN has agreed to assume all deposits.","$2,300.0","$1,800.0",Pacific National Bank,"October 30, 2009"
"U.S. Bank National Association, Minneapolis, MN has agreed to assume all deposits.","$7,800.0","$6,200.0",California National Bank,"October 30, 2009"
"U.S. Bank National Association, Minneapolis, MN has agreed to assume all deposits.","$3,600.0","$2,900.0",San Diego National Bank,"October 30, 2009"
"U.S. Bank National Association, Minneapolis, MN has agreed to assume all deposits.",$81.8,$81.2,Community Bank of Lemont,"October 30, 2009"
"U.S. Bank National Association, Minneapolis, MN has agreed to assume all deposits.",$212.8,$117.1,Bank USA,"October 30, 2009"
"First Midwest Bank, Itasca, IL has agreed to assume all deposits, excluding certain brokered deposits.",$279.0,$254.0,First DuPage Bank,"October 23, 2009"
"Central Bank, Stillwater, MN has agreed to assume all deposits.",$108.0,$80.0,Riverview Community Bank,"October 23, 2009"
"Tri City National Bank, Oak Creek, WI has agreed to assume all deposits, excluding certain brokered deposits.",$327.4,$273.2,Bank of Elmwood,"October 23, 2009"
"First Federal Bank of Florida, Lake City, FL has agreed to assume all deposits.",$190.0,$175.0,Flagship National Bank,"October 23, 2009"
"Stonegate Bank, Fort Lauderdale, FL has agreed to assume all deposits, excluding certain brokered deposits.",$83.0,$84.0,Hillcrest Bank Florida,"October 23, 2009"
"Ameris Bank, Moultrie, GA has agreed to assume all deposits.",$111.0,$101.0,American United Bank,"October 23, 2009"
"Stonegate Bank, Fort Lauderdale, FL has agreed to assume all deposits.",$65.5,$64.9,Partners Bank,"October 23, 2009"
"Citizens Business Bank, Ontario, CA has agreed to assume all deposits, excluding certain brokered deposits.",$775.0,$631.0,San Joaquin Bank,"October 16, 2009"
"Legacy Bank, Wiley, CO has agreed to assume all deposits.",$39.5,$31.9,Southern Colorado National Bank,"October 2, 2009"
"Central Bank, Stillwater, MN has agreed to assume all deposits.",$56.3,$52.4,Jennings State Bank,"October 2, 2009"
"The Huntington National Bank, Columbus, OH has agreed to assume all deposits, excluding certain brokered deposits.",$538.0,$501.0,Warren Bank,"October 2, 2009"
"First Citizens Bank and Trust Company, Inc., Columbia, SC has agreed to assume all deposits, excluding certain brokered deposits.","$2,000.0","$2,000.0",Georgian Bank,"September 25, 2009"
"First Financial Bank, National Association, Hamilton, OH has agreed to assume all deposits.",$493.0,$441.0,Irwin Union Bank,"September 18, 2009"
"First Financial Bank, National Association, Hamilton, OH has agreed to assume all deposits.","$2,700.0","$2,100.0",Irwin Union Bank and Trust Company,"September 18, 2009"
"First-Citizens Bank & Trust Company, Raleigh, NC has agreed to assume all deposits, excluding certain brokered deposits.",$970.0,$903.0,Venture Bank,"September 11, 2009"
"CorTrust Bank National Association, Mitchell, SD has agreed to assume all deposits, excluding certain brokered deposits.",$72.0,$63.0,Brickwell Community Bank,"September 11, 2009"
"MB Financial Bank, National Association, Chicago, IL has agreed to assume all deposits, excluding certain brokered deposits.","$7,000.0","$7,000.0",Corus Bank,"September 11, 2009"
"Sunwest Bank, Tustin, CA has agreed to assume all deposits, excluding certain brokered deposits.",$105.0,$95.0,First State Bank,"September 4, 2009"
The FDIC has approved the payout of the insured deposits Platinum Community Bank.,$345.6,$305.0,Platinum Community Bank,"September 4, 2009"
"Great Southern Bank, Springfield, MO has agreed to assume all deposits.",$458.0,$368.0,Vantus Bank,"September 4, 2009"
"MB Financial Bank, National Association, Chicago, IL has agreed to assume all deposits, excluding certain brokered deposits.",$212.0,$199.0,InBank,"September 4, 2009"
"Great American Bank, De Soto, KS has agreed to assume all deposits.",$16.0,$15.0,First Bank of Kansas City,"September 4, 2009"
"Pacific Western Bank, San Diego, CA has agreed to assume all deposits, excluding certain brokered deposits.","$1,000.0",$922.0,Affinity Bank,"August 28, 2009"
"Central Bank, Stillwater, MN has agreed to assume all deposits, excluding certain brokered deposits.",$459.0,$434.0,Mainstreet Bank,"August 28, 2009"
"Manufacturers and Traders Trust Company, Buffalo, NY has agreed to assume all deposits.",$452.0,$383.0,Bradford Bank,"August 28, 2009"
"BBVA Compass, Birmingham, AL has agreed to assume all deposits, excluding certain brokered deposits.","$13,000.0","$12,000.0",Guaranty Bank,"August 21, 2009"
"IBERIABANK, Lafayette, LA has agreed to assume all deposits, excluding certain brokered deposits.",$617.0,$546.0,CapitalSouth Bank,"August 21, 2009"
"United Bank, Zebulon, GA, has agreed to assume all deposits, excluding certain brokered deposits.",$167.0,$155.0,First Coweta Bank,"August 21, 2009"
"Stearns Bank National Association, St. Cloud, MN, has agreed to assume all deposits.",$143.0,$130.0,ebank,"August 21, 2009"
"The FDIC has created the Deposit Insurance National Bank of Las Vegas, NV (""DINB of Las Vegas"") to facilitate the resolution of Community Bank of Nevada, Las Vegas, NV.","$1,520.0","$1,380.0",Community Bank of Nevada,"August 14, 2009"
"MidFirst Bank, Oklahoma City, OK, has agreed to assume all deposits, excluding certain brokered deposits (approximately $143.8 million).",$158.5,$143.8,Community Bank of Arizona,"August 14, 2009"
"MidFirst Bank, Oklahoma City, OK, has agreed to assume all non-brokered deposits.",$124.0,$112.0,Union Bank,"August 14, 2009"
"Branch Banking and Trust Company (BB&T), Winston-Salem, NC, has agreed to assume all deposits.","$25,000.0","$20,000.0",Colonial Bank,"August 14, 2009"
"PNC Bank, National Association, Pittsburgh, PA has agreed to assume all deposits.",$13.4,$13.8,Dwelling House Savings and Loan Association,"August 14, 2009"
"Home Federal Bank, Nampa, ID, has agreed to assume all deposits, excluding certain brokered deposits.",$209.0,$182.0,Community First Bank,"August 7, 2009"
"Stearns Bank National Association, St. Cloud, MN, has agreed to assume all deposits.",$97.0,$93.0,Community National Bank of Sarasota County,"August 7, 2009"
"Stearns Bank National Association, St. Cloud, MN, has agreed to assume all deposits, excluding certain brokered deposits.",$463.0,$387.0,First State Bank,"August 7, 2009"
"United Central Bank, Garland, TX, has agreed to assume all deposits.","$1,600.0","$1,600.0",Mutual Bank,"July 31, 2009"
"Crown Bank, Brick, NJ, has agreed to assume all deposits.",$166.0,$157.0,First BankAmericano,"July 31, 2009"
"First Financial Bank, National Association, Hamilton, OH, has agreed to assume all deposits, excluding certain brokered deposits.",$705.8,$598.2,Peoples Community Bank,"July 31, 2009"
"Stonegate Bank, Fort Lauderdale, FL, has agreed to assume all deposits, excluding certain brokered deposits.",$119.0,$102.0,Integrity Bank,"July 31, 2009"
"Herring Bank, Amarillo, TX, has agreed to assume all deposits.",$103.4,$98.2,First State Bank of Altus,"July 31, 2009"
"State Bank and Trust Company, Pinehurst, GA, has agreed to assume all deposits.","$1,200.0","$1,000.0",Security Bank of Bibb County,"July 24, 2009"
"State Bank and Trust Company, Pinehurst, GA, has agreed to assume all deposits.",$383.0,$320.0,Security Bank of Houston County,"July 24, 2009"
"State Bank and Trust Company, Pinehurst, GA, has agreed to assume all deposits.",$453.0,$387.0,Security Bank of Jones County,"July 24, 2009"
"State Bank and Trust Company, Pinehurst, GA, has agreed to assume all deposits.",$322.0,$292.0,Security Bank of Gwinnett County,"July 24, 2009"
"State Bank and Trust Company, Pinehurst, GA, has agreed to assume all deposits.",$224.0,$212.0,Security Bank of North Metro,"July 24, 2009"
"State Bank and Trust Company, Pinehurst, GA, has agreed to assume all deposits.",$209.0,$191.0,Security Bank of North Fulton,"July 24, 2009"
"Evans Bank, National Association, Angola, NY, has agreed to assume all deposits.",$61.4,$58.0,Waterford Village Bank,"July 24, 2009"
"First-Citizens Bank & Trust Company, Raleigh, North Carolina, has agreed to assume all deposits, excluding certain brokered deposits.","$1,500.0","$1,300.0",Temecula Valley Bank,"July 17, 2009"
"California Bank & Trust, San Diego, CA, has agreed to assume all deposits, excluding certain brokered deposits.","$1,900.0","$1,600.0",Vineyard Bank,"July 17, 2009"
"Alerus Financial, National Association, Grand Forks, ND, has agreed to assume all deposits.",$275.0,$254.0,BankFirst,"July 17, 2009"
"First American Bank and Trust Company, Athens, GA, has agreed to assume all deposits.",$115.0,$109.0,First Piedmont Bank,"July 17, 2009"
"Central Bank & Trust, Lander, WY, has agreed to assume all deposits, excluding certain brokered deposits.",$70.0,$67.0,Bank of Wyoming,"July 10, 2009"
"The PrivateBank and Trust Company, Chicago, IL, has agreed to assume all deposits.",$962.5,$848.9,Founders Bank,"July 2, 2009"
"State Bank of Texas, Irving, Texas, has agreed to assume all deposits.",$118.0,$115.0,Millennium State Bank of Texas,"July 2, 2009"
"First Financial Bank, National Association, Terre Haute, Indiana, has agreed to assume all deposits.",$166.0,$147.0,The First National Bank of Danville,"July 2, 2009"
"Galena State Bank and Trust Company, Galena, IL, has agreed to assume all deposits.",$55.5,$50.4,The Elizabeth State Bank,"July 2, 2009"
"The Harvard State Bank, Harvard, Illinois, has agreed to assume all deposits.",$77.0,$75.8,Rock River Bank,"July 2, 2009"
"The First National Bank of Beardstown, Beardstown, IL, has agreed to assume all deposits.",$36.0,$34.0,The First State Bank of Winchester,"July 2, 2009"
"State Bank of Lincoln, Lincoln, IL, has agreed to assume all deposits.",$70.0,$64.0,The John Warner Bank,"July 2, 2009"
"Wilshire State Bank, Los Angeles, CA, has agreed to assume all deposits.",$456.0,$362.0,Mirae Bank,"June 26, 2009"
"Sunwest Bank, Tustin, CA, has agreed to assume all non-brokered deposits.",$80.0,$73.0,MetroPacific Bank,"June 26, 2009"
"Stearns Bank National Association, St. Cloud, Minnesota, has agreed to assume all deposits, excluding certain brokered deposits.",$87.6,$69.4,Horizon Bank,"June 26, 2009"
"CharterBank, West Point, GA, has agreed to assume all deposits.",$221.6,$191.3,Neighborhood Community Bank,"June 26, 2009"
The FDIC has approved the payout of the insured deposits of Community Bank of West Georgia.,$199.4,$182.5,Community Bank of West Georgia,"June 26, 2009"
"Bank of Kansas, South Hutchinson, Kansas, has agreed to assume all deposits.",$156.9,$142.5,First National Bank of Anthony,"June 19, 2009"
"First Bank, Troy, NC, has agreed to assume all deposits, excluding certain brokered deposits.",$970.0,$774.0,Cooperative Bank,"June 19, 2009"
"United Community Bank, Blairsville, GA, has agreed to assume all deposits.",$377.0,$307.0,Southern Community Bank,"June 19, 2009"
"Republic Bank of Chicago, Oak Brook, Illinois, has agreed to assume all deposits.",$214.0,$202.0,Bank of Lincolnwood,"June 5, 2009"
"Morton Community Bank, Morton, IL, has agreed to assume all non-brokered deposits.",$437.0,$400.0,Citizens National Bank,"May 22, 2009"
"Midland States Bank, Effingham, IL, has agreed to assume all deposits.",$537.0,$471.0,Strategic Capital Bank,"May 22, 2009"
"BankUnited, Coral Gables, FL, has agreed to assume all deposits.","$12,800.0","$8,600.0",BankUnited,"May 21, 2009"
"Kitsap Bank, Port Orchard, WA, has agreed to assume all non-brokered deposits.",$334.6,$304.5,Westsound Bank,"May 8, 2009"
"Cache Valley Bank, Logan, Utah, has agreed to assume all deposits.",$299.4,$284.1,America West Bank,"May 1, 2009"
"North Jersey Community Bank, Englewood Cliffs, NJ, has agreed to assume all deposits.",$45.1,$43.7,Citizens Community Bank,"May 1, 2009"
"The FDIC created a bridge bank, Silverton Bridge Bank, National Association, to take over operations.","$4,100.0","$3,300.0",Silverton Bank,"May 1, 2009"
"U.S. Bank, National Association, Minneapolis, MN, has agreed to assume all non-brokered deposits.",$488.9,$374.0,First Bank of Idaho,"April 24, 2009"
The FDIC has approved the payout of the insured deposits of First Bank of Beverly Hills.,"$1,500.0","$1,000.0",First Bank of Beverly Hills,"April 24, 2009"
"Level One Bank, Farmington Hills, MI, has agreed to assume all deposits.",$184.6,$151.7,Michigan Heritage Bank,"April 24, 2009"
"Bank of North Georgia, Alpharetta, GA, has agreed to assume all non-brokered deposits.",$112.3,$104.3,American Southern Bank,"April 24, 2009"
"Nevada State Bank, Las Vegas, NV, has agreed to assume all deposits.",$270.9,$221.4,Great Basin Bank of Nevada,"April 17, 2009"
"Metcalf Bank, Lee's Summit, Missouri, has agreed to assume all deposits",$181.0,$171.9,American Sterling Bank,"April 17, 2009"
"Deposit Insurance National Bank of Greeley, Greeley, Colorado has agreed to assume the non-brokered insured deposits.","$2,000.0","$1,500.0",New Frontier Bank,"April 10, 2009"
"First Federal Savings and Loan Association, Charleston, South Carolina, has agreed to assume all deposits, excluding certain brokered deposits.",$492.0,$403.0,Cape Fear Bank,"April 10, 2009"
"SunTrust Bank, Atlanta, GA has agreed to assume the non-brokered insured deposits.",$956.0,$796.8,Omni National Bank,"March 27, 2009"
"Great Southern Bank, Springfield, Missouri, has agreed to assume all deposits.",$669.8,$492.8,TeamBank,"March 20, 2009"
"Herring Bank, Amarillo, TX has agreed to assume all deposits.",$123.5,$82.7,Colorado National Bank,"March 20, 2009"
The FDIC has approved the payout of the insured deposits of FirstCity Bank.,$297.0,$278.0,FirstCity Bank,"March 20, 2009"
"Northeast Georgia Bank, Lavonia, Georgia has agreed to assume all deposits.",$173.0,$161.0,Freedom Bank of Georgia,"March 6, 2009"
"Bank of Nevada, Las Vegas, NV has agreed to assume all non-brokered deposits.",$238.3,$175.2,Security Savings Bank,"February 27, 2009"
"The MB Financial Bank, National Association, Chicago, Illinois has agreed to assume all deposits.",$232.9,$218.6,Heritage Community Bank,"February 27, 2009"
"Citizens Bank, Corvallis, Oregon has agreed to assume all deposits.",$131.4,$116.3,Silver Falls Bank,"February 20, 2009"
"Washington Trust Bank, Spokane, WA has agreed to assume all deposits.",$73.0,$64.0,Pinnacle Bank,"February 13, 2009"
"The Carlinville National Bank, Carlinville, Illinois has agreed to assume all non-brokered deposits.",$271.8,$234.4,Corn Belt Bank and Trust Company,"February 13, 2009"
"TIB Bank, Naples, Florida has agreed to assume all non-brokered deposits.",$539.0,$424.0,Riverside Bank of the Gulf Coast,"February 13, 2009"
"Heritage Bank, Wood River, NE has agreed to assume all deposits.",$129.8,$85.1,Sherman County Bank,"February 13, 2009"
"Westamerica Bank, San Rafael, CA has agreed to assume all deposits","$1,700.0","$1,300.0",County Bank,"February 6, 2009"
"California Bank & Trust, San Diego, California has agreed to assume all deposits.","$1,140.0",$951.0,Alliance Bank,"February 6, 2009"
"Regions Bank, Birmingham, Alabama has agreed to assume all deposits.",$337.0,$279.0,FirstBank Financial Services,"February 6, 2009"
"CenterState Bank of Florida, Winter Haven, FL has agreed to assume all non-brokered deposits.",$223.5,$205.2,Ocala National Bank,"January 30, 2009"
"Bank of Essex, Tappahannock, VA has agreed to assume all deposits.",$360.0,$302.0,Suburban Federal Savings Bank,"January 30, 2009"
The FDIC has approved the payout of the insured deposits of MagnetBank.,$292.9,$282.8,MagnetBank,"January 30, 2009"
"First California Bank, Westlake Village, CA has agreed to assume the non-brokered insured deposits.",$803.3,$676.9,1st Centennial Bank,"January 23, 2009"
"Umpqua Bank, Roseburg, Oregon has agreed to assume the non-brokered insured deposits.",$446.5,$366.5,Bank of Clark County,"January 16, 2009"
"In addition to assuming all of the failed bank's deposits, Republic Bank of Chicago, Oak Brook, IL agreed to pay a discount of $44.9 million, and will purchase approximately $366.6 million of assets. The FDIC will retain the remaining assets for later disposition.",$430.9,$402.1,National Bank of Commerce,"January 16, 2009"
"Farmers & Merchants Savings Bank, Manchester, IA, has agreed to assume all deposits.",$31.6,$28.8,Community National Bank,"December 17, 2010"
"Southern Bank, Poplar Bluff, MO has agreed to assume all deposits excluding certain brokered deposits.",$191.8,$155.8,First Southern Bank,"December 17, 2010"
"State Bank and Trust Company, Macon, GA has agreed to assume all deposits excluding certain brokered deposits.",$242.3,$193.8,United Americas Bank,"December 17, 2010"
"Peoples Bank of East Tennessee, Madisonville, TN has agreed to assume all deposits excluding certain brokered deposits.",$68.2,$76.4,Appalachian Community Bank,"December 17, 2010"
"Bank of the Ozarks, Little Rock, AR has agreed to assume all deposits.",$244.4,$240.5,Chestatee State Bank,"December 17, 2010"
"1st United Bank, Boca Raton, FL has agreed to assume all deposits excluding certain brokered deposits.",$448.2,$374.2,The Bank of Miami,"December 17, 2010"
"Polonia Bank, Huntingdon Valley, PA has agreed to assume all deposits.",$112.6,$104.5,Earthstar Bank,"December 10, 2010"
"Level One Bank, Farmington Hills, MI has agreed to assume all deposits excluding certain brokered deposits.",$252.7,$213.6,Paramount Bank,"December 10, 2010"
"First Michigan Bank, Troy, MI has agreed to assume all deposits excluding certain brokered deposits.",$750.7,$664.8,First Banking Center,"November 19, 2010"
"VIST Bank, Wyomissing, PA has agreed to assume all deposits excluding certain brokered deposits.",$106.6,$92.0,Allegiance Bank of North America,"November 19, 2010"
"Centennial Bank, Conway, AR has agreed to assume all deposits excluding certain brokered deposits.",$112.1,$112.2,Gulf State Community Bank,"November 19, 2010"
"Stearns Bank National Association, Saint Cloud, MN has agreed to assume all deposits excluding certain brokered deposits.",$204.0,$190.2,Copper Star Bank,"November 12, 2010"
"Ameris Bank, Moultrie, GA has agreed to assume all deposits excluding excluding certain brokered deposits.",$654.7,$587.6,Darby Bank & Trust Co.,"November 12, 2010"
"Ameris Bank, Moultrie, GA has agreed to assume all deposits including certain brokered deposits.",$143.7,$141.6,Tifton Banking Company,"November 12, 2010"
"Grandpoint Bank, Los Angeles, CA has agreed to assume all deposits excluding certain brokered deposits.",$48.0,$47.0,First Vietnamese American Bank,"November 5, 2010"
"Heritage Bank, Olympia, WA has agreed to assume all deposits.",$221.1,$193.5,Pierce Commercial Bank,"November 5, 2010"
"First California Bank, Westlake Village, CA has agreed to assume all deposits.",$98.6,$101.1,Western Commercial Bank,"November 5, 2010"
"Manufacturers and Traders Trust Company, Buffalo, NY has agreed to assume all deposits excluding certain brokered deposits.",$538.3,$500.1,K Bank,"November 5, 2010"
"The FDIC has approved the payout of the insured deposits of First Arizona Savings, A FSB.",$272.2,$198.8,First Arizona Savings,"October 22, 2010"
"Hillcrest Bank, National Association, Overland Park, KS has agreed to assume all deposits excluding certain brokered deposits.","$1,650.0","$1,540.0",Hillcrest Bank,"October 22, 2010"
"Seaway Bank and Trust Company, Chicago, IL has agreed to assume all deposits excluding certain brokered deposits.",$148.7,$140.0,First Suburban National Bank,"October 22, 2010"
"United Bank, Zebulon, GA has agreed to assume all deposits excluding certain brokered deposits.",$131.4,$127.1,The First National Bank of Barnesville,"October 22, 2010"
"Morris Bank, Dublin, GA has agreed to assume all deposits.",$29.4,$26.7,The Gordon Bank,"October 22, 2010"
"Bay Cities Bank, Tampa, FL has agreed to assume all deposits excluding certain brokered deposits.",$110.7,$101.3,Progress Bank of Florida,"October 22, 2010"
"Ameris Bank, Moultrie, GA has agreed to assume all deposits.",$81.0,$77.3,First Bank of Jacksonville,"October 22, 2010"
"Providence Bank, Columbia, MO has agreed to assume all deposits excluding certain brokered deposits.","$1,180.0","$1,030.0",Premier Bank,"October 15, 2010"
"Midland States Bank, Effingham, IL has agreed to assume all deposits excluding certain brokered deposits.",$91.5,$72.5,WestBridge Bank and Trust Company,"October 15, 2010"
"Simmons First National Bank, Pine Bluff, AR has agreed to assume all deposits.",$508.4,$397.0,Security Savings Bank,"October 15, 2010"
"GBC International Bank, Los Angeles, CA has agreed to assume all deposits excluding certain brokered deposits.",$104.2,$100.2,Shoreline Bank,"October 1, 2010"
"Centennial Bank, Conway, AR has agreed to assume all deposits excluding certain brokered deposits.",$424.1,$386.3,Wakulla Bank,"October 1, 2010"
"Whidbey Island Bank, Cupeville, WA has agreed to assume all deposits excluding certain brokered deposits.",$288.8,$276.1,North County Bank,"September 24, 2010"
"First Southern Bank, Boca Raton, FL has agreed to assume all deposits excluding certain brokered deposits.",$148.6,$133.6,Haven Trust Bank Florida,"September 24, 2010"
"North Shore Bank, FSB, Brookfield, WI has agreed to assume all deposits excluding certain brokered deposits.",$350.5,$248.1,Maritime Savings Bank,"September 17, 2010"
"Foundation Bank, Cincinnati, OH has agreed to assume all deposits excluding certain brokered deposits.",$47.5,$41.6,Bramble Savings Bank,"September 17, 2010"
"Community & Southern Bank, Carrollton, GA has agreed to assume all deposits excluding certain brokered deposits.",$447.2,$398.2,The Peoples Bank,"September 17, 2010"
"Community & Southern Bank, Carrollton, GA has agreed to assume all deposits excluding certain brokered deposits.",$248.2,$242.8,First Commerce Community Bank,"September 17, 2010"
"Community & Southern Bank, Carrollton, GA has agreed to assume all deposits.",$168.8,$160.7,Bank of Ellijay,"September 17, 2010"
"New Century Bank, Phoenixville, PA has agreed to assume all deposits excluding certain brokered deposits.",$81.6,$79.7,ISN Bank,"September 17, 2010"
"Bank of the Ozarks, Little Rock, AR has agreed to assume all deposits excluding certain brokered deposits.",$187.8,$164.6,Horizon Bank,"September 10, 2010"
"Westamerica Bank, San Rafael, CA has agreed to assume all deposits.",$337.1,$255.5,Sonoma Valley Bank,"August 20, 2010"
"Pacific Western Bank, San Diego, CA has agreed to assume all deposits.",$870.4,$770.7,Los Padres Bank,"August 20, 2010"
"Rabobank, National Association, El Centro, CA has agreed to assume all deposits.",$498.8,$471.3,Butte Community Bank,"August 20, 2010"
"Rabobank, National Association, El Centro, CA has agreed to assume all deposits, excluding certain brokered deposits.",$312.1,$278.8,Pacific State Bank,"August 20, 2010"
"Urban Partnership Bank, Chicago, IL has agreed to assume all deposits, excluding certain brokered deposits.","$2,160.0","$1,540.0",ShoreBank,"August 20, 2010"
"River Community Bank, National Association (N.A), Martinsville, VA has agreed to assume all deposits.",$9.4,$10.1,Imperial Savings and Loan Association,"August 20, 2010"
"CenterState Bank of Florida, National Association, Winter Haven, FL has agreed to assume all deposits.",$156.2,$141.9,Independent National Bank,"August 20, 2010"
"CenterState Bank of Florida, National Association, Winter Haven, FL has agreed to assume all deposits, excluding certain brokered deposits.",$67.9,$63.7,Community National Bank at Bartow,"August 20, 2010"
"First Midwest Bank, Itasca, IL has agreed to assume all deposits.",$493.4,$467.8,Palos Bank and Trust Company,"August 13, 2010"
"Northbrook Bank and Trust Company, Northbrook, IL has agreed to assume all deposits, excluding certain brokered deposits.",$264.6,$269.5,Ravenswood Bank,"August 6, 2010"
"Home Federal Bank, Nampa, ID has agreed to assume all deposits.",$768.2,$718.5,LibertyBank,"July 30, 2010"
"Heritage Bank, Olympia, WA has agreed to assume all deposits, excluding certain brokered deposits.",$529.3,$513.9,The Cowlitz Bank,"July 30, 2010"
"Centennial Bank, Conway, AR has agreed to assume all deposits.",$372.9,$363.2,Coastal Community Bank,"July 30, 2010"
"Centennial Bank, Conway, AR has agreed to assume all deposits.",$66.1,$52.4,Bayside Savings Bank,"July 30, 2010"
"State Bank and Trust Company, Macon Georgia, has agreed to assume all deposits, excluding certain brokered deposits.",$167.7,$159.4,NorthWest Bank and Trust,"July 30, 2010"
"South Valley Bank & Trust, Klamath Falls, OR has agreed to assume all deposits.",$251.8,$229.6,Home Valley Bank,"July 23, 2010"
"Plaza Bank, Irvine, CA has agreed to assume all deposits, excluding certain brokered deposits.",$214.0,$186.7,SouthwestUSA Bank,"July 23, 2010"
"Roundbank, Waseca, MN has agreed to assume all deposits.",$108.0,$99.7,Community Security Bank,"July 23, 2010"
"The Bennington State Bank, Salina, KS has agreed to assume all deposits, excluding certain brokered deposits.",$32.6,$28.5,Thunder Bank,"July 23, 2010"
"First Citizens Bank and Trust Company, Inc., Columbia, SC has agreed to assume all deposits, excluding certain brokered deposits.",$139.3,$134.3,Williamsburg First National Bank,"July 23, 2010"
"The Renasant Bank, Tupelo, MS has agreed to assume all deposits, excluding certain brokered deposits.","$1,010.0",$965.7,Crescent Bank and Trust Company,"July 23, 2010"
"IBERIABANK, Lafayette, LA has agreed to assume all deposits, excluding certain brokered deposits.",$407.9,$372.4,Sterling Bank,"July 23, 2010"
"Commercial Bank, Alma, MI has agreed to assume all deposits.",$97.4,$63.7,Mainstreet Savings Bank,"July 16, 2010"
"CenterState Bank of Florida, National Association, Winter Haven, FL has agreed to assume all deposits, excluding certain brokered deposits.",$168.7,$162.4,Olde Cypress Community Bank,"July 16, 2010"
"NAFH National Bank, Miami, FL has agreed to assume all deposits.",$263.9,$196.9,Turnberry Bank,"July 16, 2010"
"NAFH National Bank, Miami, FL has agreed to assume all deposits, excluding certain brokered deposits.",$442.3,$391.3,Metro Bank of Dade County,"July 16, 2010"
"NAFH National Bank, Miami, FL has agreed to assume all deposits, excluding certain brokered deposits.",$682.0,$610.1,First National Bank of the South,"July 16, 2010"
"Bank of the Ozarks, Little Rock, AR has agreed to assume all deposits, excluding certain brokered deposits.",$376.2,$355.3,Woodlands Bank,"July 16, 2010"
"RCB Bank, Claremore, OK has agreed to assume all deposits.",$644.5,$560.7,Home National Bank,"July 9, 2010"
"The FDIC entered into a purchase and assumption agreement with New Century Bank (doing business as Customer?s 1st Bank), Phoenixville, PA, to assume all of the deposits of USA Bank.",$193.3,$189.9,USA Bank,"July 9, 2010"
The FDIC has approved the payout of the insured deposits of Ideal Federal Savings Bank.,$6.3,$5.8,Ideal Federal Savings Bank,"July 9, 2010"
"To protect the depositors, the FDIC entered into a purchase and assumption agreement with Bay Bank, FSB, Lutherville, MD, to assume all of the deposits of Bay National Bank.",$282.2,$276.1,Bay National Bank,"July 9, 2010"
"First American Bank, Artesia, NM, has agreed to assume all deposits.",$80.3,$81.0,High Desert State Bank,"June 25, 2010"
"The Savannah Bank, National Association, Savannah, GA has agreed to assume all deposits, excluding certain brokered deposits.",$252.5,$231.9,First National Bank,"June 25, 2010"
"Premier American Bank, Miami, FL has agreed to assume all deposits excluding certain brokered deposits.",$644.3,$580.1,Peninsula Bank,"June 25, 2010"
"Umpqua Bank, Roseburg, OR has agreed to assume all deposits, excluding certain brokered deposits.",$480.3,$479.8,Nevada Security Bank,"June 18, 2010"
"East West Bank, Pasadena, CA has agreed to assume all deposits.",$520.9,$441.4,Washington First International Bank,"June 11, 2010"
"Great Western Bank, Sioux Falls, SD has agreed to assume all deposits.","$2,800.0","$2,200.0",TierOne Bank,"June 4, 2010"
The FDIC has approved the payout of the insured deposits of Arcola Homestead Savings Bank.,$17.0,$18.1,Arcola Homestead Savings Bank,"June 4, 2010"
"Jefferson Bank, Fayette, MS has agreed to assume all deposits.",$60.4,$63.5,First National Bank,"June 4, 2010"
"City National Bank, Los Angeles, CA has agreed to assume all deposits, excluding certain brokered deposits.",$360.7,$353.9,Sun West Bank,"May 28, 2010"
"Tri Counties Bank, Chico, CA has agreed to assume all deposits.",$102.9,$94.2,Granite Community Bank,"May 28, 2010"
"EverBank, Jacksonville, FL has agreed to assume all deposits, excluding certain brokered deposits.",$245.2,$224.0,Bank of Florida - Tampa Bay,"May 28, 2010"
"EverBank, Jacksonville, FL has agreed to assume all deposits, excluding certain brokered deposits.",$640.9,$559.9,Bank of Florida - Southwest,"May 28, 2010"
"EverBank, Jacksonville, FL has agreed to assume all deposits, excluding certain brokered deposits.",$595.3,$531.7,Bank of Florida - Southeast,"May 28, 2010"
"Coulee Bank, La Crosse, WI has agreed to assume all deposits.",$61.2,$58.3,Pinehurst Bank,"May 21, 2010"
"FirstMerit Bank, National Association, Akron, OH has agreed to assume all deposits.","$3,170.0","$2,420.0",Midwest Bank and Trust Company,"May 14, 2010"
"Simmons First National Bank, Pine Bluff, AR has agreed to assume all deposits.",$96.6,$102.5,Southwest Community Bank,"May 14, 2010"
"Bank of Ann Arbor, Ann Arbor, MI has agreed to assume all deposits, excluding certain brokered deposits.",$109.1,$101.8,New Liberty Bank,"May 14, 2010"
"Ameris Bank, Moulteri, GA has agreed to assume all deposits, excluding certain brokered deposits.",$135.7,$134.0,Satilla Community Bank,"May 14, 2010"
"City National Bank, Los Angeles, CA has agreed to assume all deposits, excluding certain brokered deposits.",$335.8,$291.2,1st Pacific Bank of California,"May 7, 2010"
"Commerce Bank of Arizona, Mesa, AZ has agreed to assume all deposits, excluding certain brokered deposits.",$120.2,$113.2,Towne Bank of Arizona,"May 7, 2010"
"PrinsBank, Prinsburg, MN has agreed to assume all deposits.",$32.0,$32.0,Access Bank,"May 7, 2010"
"First Federal Bank of Florida, Lake City, FL has agreed to assume all deposits.",$242.9,$230.2,The Bank of Bonifay,"May 7, 2010"
"Union Bank, National Association, San Francisco, CA has agreed to assume all deposits, excluding certain brokered deposits.","$3,500.0","$3,130.0",Frontier Bank,"April 30, 2010"
"Community First Bank, Butler, MO has agreed to assume all deposits.",$67.2,$54.9,BC National Banks,"April 30, 2010"
"BankLiberty, Liberty, PR has agreed to assume all deposits, excluding certain brokered deposits.",$187.3,$153.8,Champion Bank,"April 30, 2010"
"First Michigan Bank, Troy, MI has agreed to assume all deposits, excluding certain brokered deposits.","$1,650.0","$1,430.0",CF Bancorp,"April 30, 2010"
"Banco Popular de Puerto Rico, San Juan, PR has agreed to assume all deposits, excluding certain brokered deposits.","$1,194.0","$8,620.0",Westernbank Puerto Rico,"April 30, 2010"
"Scotiabank de Puerto Rico, San Juan, PR has agreed to assume all deposits, excluding certain brokered deposits.","$5,920.0","$4,250.0",R-G Premier Bank of Puerto Rico,"April 30, 2010"
"Oriental Bank and Trust, San Juan, PR has agreed to assume all deposits, excluding certain brokered deposits.","$2,560.0","$1,970.0",Eurobank,"April 30, 2010"
"Wheaton Bank & Trust, Wheaton, IL has agreed to assume all deposits, excluding certain brokered deposits.",$437.2,$438.5,Wheatland Bank,"April 23, 2010"
"First Midwest Bank, Itasca, IL has agreed to assume all deposits, excluding certain brokered deposits.",$130.2,$127.0,Peotone Bank and Trust Company,"April 23, 2010"
"Northbrook Bank and Trust Company, Northbrook, IL has agreed to assume all deposits.",$199.9,$171.5,Lincoln Park Savings Bank,"April 23, 2010"
"MB Financial Bank, National Association, Chicago, IL has agreed to assume all deposits.",$485.6,$492.0,New Century Bank,"April 23, 2010"
"Republic Bank of Chicago, Oak Brook, IL has agreed to assume all deposits.",$77.3,$74.5,Citizens Bank & Trust Company of Chicago,"April 23, 2010"
"MB Financial Bank, National Association, Chicago, IL has agreed to assume all deposits, excluding certain brokered deposits.","$1,200.0","$1,100.0",Broadway Bank,"April 23, 2010"
"Harris National Association, Chicago, IL has agreed to assume all deposits, excluding certain brokered deposits.","$3,800.0","$3,400.0",Amcore Bank,"April 23, 2010"
"Whidbey Island Bank, Coupeville, WA has agreed to assume all deposits, excluding certain brokered deposits.","$1,130.0","$1,020.0",City Bank,"April 16, 2010"
"Union Bank, National Association, San Francisco, CA has agreed to assume all deposits, excluding certain brokered deposits.",$628.9,$487.6,Tamalpais Bank,"April 16, 2010"
"Center Bank, Los Angeles, CA has agreed to assume all deposits, excluding certain brokered deposits.",$268.9,$225.2,Innovative Bank,"April 16, 2010"
"People's United Bank, Bridgeport, CT has agreed to assume all deposits.",$268.0,$233.2,Butler Bank,"April 16, 2010"
"TD Bank, National Association, Wilmington, DE has agreed to assume all deposits, excluding certain brokered deposits.","$3,420.0","$2,760.0",Riverside National Bank of Florida,"April 16, 2010"
"TD Bank, National Association, Wilmington, DE has agreed to assume all deposits, excluding certain brokered deposits.",$90.5,$81.9,AmericanFirst Bank,"April 16, 2010"
"TD Bank, National Association, Wilmington, DE has agreed to assume all deposits.",$393.3,$324.2,First Federal Bank of North Florida,"April 16, 2010"
The FDIC has approved the payout of the insured deposits of Lakeside Community Bank.,$53.0,$52.3,Lakeside Community Bank,"April 16, 2010"
"Bank of North Carolina, Thomasville, NC has agreed to assume all deposits, excluding certain brokered deposits.",$585.1,$516.0,Beach First National Bank,"April 9, 2010"
"New York Community Bank, Westbury, NY has agreed to assume all deposits, excluding certain brokered deposits.",$496.6,$426.5,Desert Hills Bank,"March 26, 2010"
"Bank of the Ozarks, Little Rock, AR has agreed to assume all deposits, excluding certain brokered deposits.",$292.2,$264.3,Unity National Bank,"March 26, 2010"
"Centennial Bank, Conway, AR has agreed to assume all deposits, excluding certain brokered deposits.",$88.0,$67.7,Key West Bank,"March 26, 2010"
"CharterBank, West Point, GA has agreed to assume all deposits, excluding certain brokered deposits.",$362.9,$343.3,McIntosh Commercial Bank,"March 26, 2010"
"Northern State Bank, Ashland, WI has agreed to assume all deposits.",$28.2,$27.8,State Bank of Aurora,"March 19, 2010"
"First Citizens Bank, Luverne, AL has agreed to assume all deposits.",$137.2,$131.1,First Lowndes Bank,"March 19, 2010"
"Citizens South Bank, Gastonia, NC has agreed to assume all deposits, excluding certain brokered deposits.",$377.8,$339.6,Bank of Hiawassee,"March 19, 2010"
"Community & Southern Bank, Carrollton, GA has agreed to assume all deposits.","$1,010.0",$917.6,Appalachian Community Bank,"March 19, 2010"
The FDIC has approved the payout of the insured deposits of Advanta Bank Corp.,"$1,600.0","$1,500.0",Advanta Bank Corp.,"March 19, 2010"
"Bank of Upson, Thomaston, GA has agreed to assume all deposits, excluding certain brokered deposits.",$96.5,$94.0,Century Security Bank,"March 19, 2010"
"The National Bank and Trust Company, Wilmington, OH has agreed to assume all deposits, excluding certain brokered deposits.",$70.3,$66.8,American National Bank,"March 19, 2010"
"Home Bank, Lafayette, LA has agreed to assume all deposits.",$243.2,$208.8,Statewide Bank,"March 12, 2010"
"Centennial Bank, Conway, AR has agreed to assume all deposits.",$315.6,$319.7,Old Southern Bank,"March 12, 2010"
"Valley National Bank, Wayne, NJ has agreed to assume all deposits, excluding certain brokered deposits.",$520.1,$494.5,Park Avenue Bank,"March 12, 2010"
"Valley National Bank, Wayne, NJ has agreed to assume all deposits.",$209.7,$209.5,LibertyPointe Bank,"March 11, 2010"
The FDIC has approved the payout of the insured deposits of Centennial Bank.,$215.2,$205.1,Centennial Bank,"March 5, 2010"
"To protect the insured depositors, the FDIC created Waterfield Bank, FA - a new depository institution chartered by the Office of Thrift Supervision (OTS) and insured by the FDIC - to take over the operations of Waterfield Bank. The FDIC will mail checks directly to customers with CDs and IRAs for the amount of their insured funds.",$155.6,$156.4,Waterfield Bank,"March 5, 2010"
"Heartland Bank and Trust Company, Bloomington, IL has agreed to assume all deposits, excluding certain brokered deposits.",$211.7,$198.5,Bank of Illinois,"March 5, 2010"
"First-Citizens Bank & Trust Company, Raleigh, NC has agreed to assume all deposits, excluding certain brokered deposits.",$535.7,$443.5,Sun American Bank,"March 5, 2010"
"Umpqua Bank, Roseburg, OR has agreed to assume all deposits, excluding certain brokered deposits.",$717.8,$446.2,Rainier Pacific Bank,"February 26, 2010"
"Heritage Bank of Nevada, Reno, NV has agreed to assume all deposits, excluding certain brokered deposits.",$51.1,$50.0,Carson River Community Bank,"February 26, 2010"
"OneWest Bank, FSB, Pasadena, CA has agreed to assume all deposits.","$3,600.0","$2,800.0",La Jolla Bank,"February 19, 2010"
"FirstMerit Bank, National Association, Akron, OH has agreed to assume all deposits.",$412.8,$395.3,George Washington Savings Bank,"February 19, 2010"
"Community National Bank, Hondo, TX has agreed to assume all deposits.",$53.9,$49.3,The La Coste National Bank,"February 19, 2010"
"Mutual of Omaha Bank, Omaha, NE has agreed to assume all deposits, excluding certain brokered deposits.",$119.6,$117.1,Marco Community Bank,"February 19, 2010"
"Community Development Bank, FSB, Ogema, MN has agreed to assume all deposits.",$18.2,$16.3,1st American State Bank of Minnesota,"February 5, 2010"
"Columbia State Bank, Tacoma, WA has agreed to assume all deposits, excluding certain brokered deposits.",$373.2,$308.5,American Marine Bank,"January 29, 2010"
"First-Citizens Bank & Trust Company, Raleigh, NC has agreed to assume all deposits, excluding certain brokered deposits.","$2,180.0","$1,870.0",First Regional Bank,"January 29, 2010"
"SCBT National Association, Orangeburg, SC has agreed to assume all deposits, excluding certain brokered deposits.","$1,210.0","$1,110.0",Community Bank and Trust,"January 29, 2010"
"United Valley Bank, Cavalier, ND has agreed to assume all deposits.",$59.9,$54.7,Marshall Bank,"January 29, 2010"
"Premier American Bank, National Association, Miami, FL has agreed to assume all deposits, excluding certain brokered deposits.",$875.5,$795.5,Florida Community Bank,"January 29, 2010"
"Community and Southern Bank, Carrollton, GA has agreed to assume all deposits, excluding certain brokered deposits.",$832.6,$757.9,First National Bank of Georgia,"January 29, 2010"
"Columbia State Bank, Tacoma, WA has agreed to assume all deposits.","$1,100.0","$1,000.0",Columbia River Bank,"January 22, 2010"
"Umpqua Bank, Roseburg, OR has agreed to assume all deposits, excluding certain brokered deposits.",$488.5,$439.4,Evergreen Bank,"January 22, 2010"
"Charter Bank, Albuquerque, NM has agreed to assume all deposits, excluding certain brokered deposits.","$1,200.0",$851.5,Charter Bank,"January 22, 2010"
"Sunflower Bank, National Association, Salina, KS has agreed to assume all deposits.",$20.1,$20.4,Bank of Leeton,"January 22, 2010"
"Premier American Bank, National Association, Miami, FL has agreed to assume all deposits, excluding certain brokered deposits.",$350.9,$326.3,Premier American Bank,"January 22, 2010"
"The FDIC has created the Deposit Insurance National Bank of Kaysville, UT (""DINB of Kaysville"") to facilitate the resolution of Barnes Banking Company, Kaysville, UT.",$827.8,$786.5,Barnes Banking Company,"January 15, 2010"
"First State Bank of St. Joseph, St. Joseph, MN has agreed to assume all deposits.",$24.7,$23.4,St. Stephen State Bank,"January 15, 2010"
"First American Bank, Elk Grove Village, IL has agreed to assume all deposits, excluding certain brokered deposits.",$69.6,$67.4,Town Community Bank and Trust,"January 15, 2010"
"Washington Federal Savings and Loan Association, Seattle, WA has agreed to assume all deposits, excluding certain brokered deposits.","$1,300.0","$1,100.0",Horizon Bank,"January 8, 2010"
"Washington Federal, Seattle, WA has agreed to assume all deposits excluding certain brokered deposits.",$162.9,$144.5,Western National Bank,"December 16, 2011"
"Summit Bank, National Association, Panama City, FL has agreed to assume all deposits.",$126.0,$112.1,Premier Community Bank of the Emerald Coast,"December 16, 2011"
"First NBC Bank, New Orleans, LA has agreed to assume all deposits.",$383.1,$347.7,Central Progressive Bank,"November 18, 2011"
"Grinnell State Bank, Grinnell, IA has agreed to assume all deposits.",$91.6,$82.0,Polk County Bank,"November 18, 2011"
"Century Bank of Georgia, Cartersville, GA has agreed to assume all deposits excluding certain brokered deposits.",$62.4,$55.9,Community Bank of Rockmart,"November 10, 2011"
"Cache Valley Bank, Logan, UT has agreed to assume all deposits excluding certain brokered deposits.",$198.1,$169.1,SunFirst Bank,"November 4, 2011"
"Premier Bank (formerly Purdum State Bank), Purdum, NE has agreed to assume all deposits.",$106.1,$105.5,Mid City Bank,"November 4, 2011"
"International Bank of Chicago, Chicago, IL has agreed to assume all deposits.",$37.8,$33.4,All American Bank,"October 28, 2011"
"Bank Midwest, National Association, Kansas City, MO has agreed to assume all deposits excluding certain brokered deposits.","$1,380.0","$1,330.0",Community Banks of Colorado,"October 21, 2011"
"State Bank and Trust Company, Macon, GA has agreed to assume all deposits.",$181.2,$166.2,Community Capital Bank,"October 21, 2011"
"Fidelity Bank, Atlanta, GA has agreed to assume all deposits.",$191.5,$179.2,Decatur First Bank,"October 21, 2011"
"1st United Bank, Boca Raton, FL has agreed to assume all deposits.",$215.9,$217.8,Old Harbor Bank,"October 21, 2011"
"Blackhawk Bank & Trust, Milan, IL has agreed to assume all deposits excluding certain brokered deposits.",$190.6,$167.5,Country Bank,"October 14, 2011"
"Northfield Bank, Staten Island, NY has agreed to assume all deposits.",$204.4,$201.2,First State Bank,"October 14, 2011"
"Bank of North Carolina, Thomasville, NC has agreed to assume all deposits.",$161.0,$158.7,Blue Ridge Savings Bank,"October 14, 2011"
"State Bank and Trust Company, Macon, GA has agreed to assume all deposits.",$201.7,$181.4,Piedmont Community Bank,"October 14, 2011"
"Great Southern Bank, Springfield, MO has agreed to assume all deposits.",$355.9,$290.4,Sun Security Bank,"October 7, 2011"
"Central Bank, Stillwater, MN has agreed to assume all deposits.",$417.4,$379.3,The RiverBank,"October 7, 2011"
"American First National Bank, Houston, TX has agreed to assume all deposits.",$239.9,$208.8,First International Bank,"September 30, 2011"
"Tri Counties Bank, Chico, CA has agreed to assume all deposits.",$288.8,$253.1,Citizens Bank of Northern California,"September 23, 2011"
"Southern Bank and Trust Company, Mount Olive, NC has agreed to assume all deposits excluding certain brokered deposits.",$985.1,$901.8,Bank of the Commonwealth,"September 23, 2011"
"CharterBank, West Point, GA has agreed to assume all deposits.",$296.8,$280.1,The First National Bank Of Florida,"September 9, 2011"
"Georgia Commerce Bank, Atlanta, GA has agreed to assume all deposits.",$102.3,$96.6,CreekSide Bank,"September 2, 2011"
"Georgia Commerce Bank, Atlanta, GA has agreed to assume all deposits.",$150.8,$111.2,Patriot Bank of Georgia,"September 2, 2011"
"Inland Bank & Trust, Oak Brook, IL has agreed to assume all deposits excluding certain brokered deposits.",$141.0,$137.2,First Choice Bank,"August 19, 2011"
"Heritage Bank of the South, Albany, GA has agreed to assume all deposits excluding certain brokered deposits.",$164.6,$159.7,First Southern National Bank,"August 19, 2011"
"Sabadell United Bank, National Association, Miami, FL has agreed to assume all deposits.","$1,700.0","$1,240.0",Lydian Private Bank,"August 19, 2011"
"Capital Bank, National Association, Rockville, MD has agreed to assume all deposits excluding certain brokered deposits.",$46.8,$45.8,Public Savings Bank,"August 18, 2011"
"Enterprise Bank & Trust, Clayton, MO has agreed to assume all deposits excluding certain brokered deposits.",$538.1,$524.3,The First National Bank of Olathe,"August 12, 2011"
"Columbia State Bank, Tacoma, WA has agreed to assume all deposits excluding certain brokered deposits.",$548.6,$515.7,Bank of Whitman,"August 5, 2011"
"Heartland Bank and Trust Company, Bloomington, IL has agreed to assume all deposits.",$110.7,$104.0,Bank of Shorewood,"August 5, 2011"
"Old National Bank, Evansville, IN has agreed to assume all deposits excluding certain brokered deposits.","$2,200.0","$1,900.0",Integra Bank National Association,"July 29, 2011"
"SCBT, National Association, Orangeburg, SC has agreed to assume all deposits excluding certain brokered deposits.",$239.8,$215.5,BankMeridian,"July 29, 2011"
"Xenith Bank, Richmond, VA has agreed to assume all deposits.",$95.8,$85.0,Virginia Business Bank,"July 29, 2011"
"Bank Midwest, National Association, Kansas City, MO has agreed to assume all deposits excluding certain brokered deposits.","$1,070.0",$924.9,Bank of Choice,"July 22, 2011"
"American Momentum Bank, Tampa, FL has agreed to assume all deposits.",$275.0,$246.7,LandMark Bank of Florida,"July 22, 2011"
"American Momentum Bank, Tampa, FL has agreed to assume all deposits.",$46.3,$45.3,Southshore Community Bank,"July 22, 2011"
"The Foothills Bank, Yuma, AZ has agreed to assume all deposits.",$72.0,$66.4,Summit Bank,"July 15, 2011"
"Premier American Bank, National Association, Miami, FL has agreed to assume all deposits excluding certain brokered deposits.",$228.3,$209.7,First Peoples Bank,"July 15, 2011"
"Ameris Bank, Moultrie, GA has agreed to assume all deposits.",$192.5,$189.5,High Trust Bank,"July 15, 2011"
"Ameris Bank, Moultrie, GA has agreed to assume all deposits excluding certain brokered deposits.",$186.3,$162.1,One Georgia Bank,"July 15, 2011"
"Points West Community Bank, Julesburg, CO has agreed to assume all deposits.",$66.7,$64.5,Signature Bank,"July 8, 2011"
"First-Citizens Bank & Trust Company, Raleigh, NC has agreed to assume all deposits excluding certain brokered deposits.",$717.5,$672.8,Colorado Capital Bank,"July 8, 2011"
"Northbrook Bank & Trust Company, Northbrook, IL has agreed to assume all deposits excluding certain brokered deposits.",$959.3,$887.5,First Chicago Bank & Trust,"July 8, 2011"
"First American Bank and Trust Company, Athens, GA has agreed to assume all deposits excluding certain brokered deposits.",$103.7,$89.6,Mountain Heritage Bank,"June 24, 2011"
"Stonegate Bank, Fort Lauderdale, FL has agreed to assume all deposits excluding certain brokered deposits.",$98.6,$92.6,First Commercial Bank of Tampa Bay,"June 17, 2011"
"Hamilton State Bank, Hoschton, GA has agreed to assume all deposits.",$339.9,$324.4,McIntosh State Bank,"June 17, 2011"
"First Citizens Bank and Trust Company, Inc., Columbia, SC has agreed to assume all deposits.",$208.2,$191.6,Atlantic Bank and Trust,"June 3, 2011"
"Columbia State Bank, Tacoma, WA has agreed to assume all deposits.",$173.5,$163.3,First Heritage Bank,"May 27, 2011"
"Columbia State Bank, Tacoma, WA has agreed to assume all deposits excluding certain brokered deposits.",$142.7,$131.6,Summit Bank,"May 20, 2011"
"CertusBank, National Association, Easley, SC has agreed to assume all deposits excluding certain brokered deposits.",$731.0,$702.2,First Georgia Banking Company,"May 20, 2011"
"CertusBank, National Association, Easley, SC has agreed to assume all deposits excluding certain brokered deposits.",$741.9,$707.6,Atlantic Southern Bank,"May 20, 2011"
"Florida Community Bank, a division of Premier American Bank, National Association, Miami, FL has agreed to assume all deposits.",$129.4,$123.9,Coastal Bank,"May 6, 2011"
"Talmer Bank & Trust, Troy, MI has agreed to assume all deposits excluding certain brokered deposits.",$476.3,$385.4,Community Central Bank,"April 29, 2011"
"Bank of the Ozarks, Little Rock, AR has agreed to assume all deposits excluding certain brokered deposits.",$953.3,$827.7,The Park Avenue Bank,"April 29, 2011"
"Bank of the Ozarks, Little Rock, AR has agreed to assume all deposits excluding certain brokered deposits.",$308.5,$310.0,First Choice Community Bank,"April 29, 2011"
"Florida Community Bank, a division of Premier American Bank, National Association, Miami, FL has agreed to assume all deposits excluding certain brokered deposits.",$70.9,$61.4,Cortez Community Bank,"April 29, 2011"
"Florida Community Bank, a division of Premier American Bank, National Association, Miami, FL has agreed to assume all deposits excluding certain brokered deposits.",$352.0,$312.1,First National Bank of Central Florida,"April 29, 2011"
"Trustmark National Bank, Jackson, MS has agreed to assume all deposits.",$224.0,$196.2,Heritage Banking Group,"April 15, 2011"
"Central Bank, Stillwater, MN has agreed to assume all deposits.",$37.6,$36.6,Rosemount National Bank,"April 15, 2011"
"Superior Bank, National Association, Birmingham, AL has agreed to assume all deposits excluding certain brokered deposits.","$3,000.0","$2,700.0",Superior Bank,"April 15, 2011"
"Alostar Bank of Commerce, Birmingham, AL has agreed to assume all deposits excluding certain brokered deposits.",$793.7,$637.8,Nexity Bank,"April 15, 2011"
"Citizens South Bank, Gastonia, NC has agreed to assume all deposits excluding certain brokered deposits.",$110.7,$106.1,New Horizons Bank,"April 15, 2011"
"Hamilton State Bank, Hoschton, GA has agreed to assume all deposits.",$330.2,$304.1,Bartow County Bank,"April 15, 2011"
"City National Bank, Los Angeles, CA has agreed to assume all deposits excluding certain brokered deposits.",$144.9,$136.4,Nevada Commerce Bank,"April 8, 2011"
"Heartland Bank and Trust Company, Bloomington, IL has agreed to assume all deposits.",$186.8,$181.9,Western Springs National Bank and Trust,"April 8, 2011"
"Advantage National Bank Group, Elk Grove Village, IL has agreed to assume all deposits.",$163.1,$161.4,The Bank of Commerce,"March 25, 2011"
"Seaway Bank and Trust Company, Chicago, IL has agreed to assume all deposits excluding certain brokered deposits.",$190.4,$183.3,Legacy Bank,"March 11, 2011"
"The Pauls Valley National Bank, Pauls Valley, OK has agreed to assume all deposits excluding certain brokered deposits.",$90.2,$68.3,The First National Bank of Davis,"March 11, 2011"
"First State Bank, Mendota, IL has agreed to assume all deposits excluding certain brokered deposits.",$123.8,$124.2,Valley Community Bank,"February 25, 2011"
"First California Bank, Westlake Village, CA has agreed to assume all deposits excluding certain brokered deposits.",$332.6,$272.2,San Luis Trust Bank,"February 18, 2011"
"Bank of Marin, Novato, CA has agreed to assume all deposits excluding certain brokered deposits.",$120.8,$105.3,Charter Oak Bank,"February 18, 2011"
"Heritage Bank of the South, Albany, GA has agreed to assume all deposits excluding certain brokered deposits.",$214.3,$206.5,Citizens Bank of Effingham,"February 18, 2011"
"SCBT National Association, Orangeburg, SC has agreed to assume all deposits.",$387.6,$339.9,Habersham Bank,"February 18, 2011"
"Pacific Premier Bank, Costa Mesa, CA has agreed to assume all deposits excluding certain brokered deposits.",$210.9,$205.3,Canyon National Bank,"February 11, 2011"
"Royal Bank, Elroy, WI has agreed to assume all deposits excluding certain brokered deposits.",$83.8,$78.5,Badger State Bank,"February 11, 2011"
"First Michigan Bank, Troy, MI has agreed to assume all deposits.",$390.5,$389.9,Peoples State Bank,"February 11, 2011"
"Premier American Bank, National Association, Miami, FL has agreed to assume all deposits.",$125.5,$116.7,Sunshine State Community Bank,"February 11, 2011"
"Northbrook Bank & Trust Company, Northbrook, IL has agreed to assume all deposits.",$51.1,$49.5,Community First Bank - Chicago,"February 4, 2011"
"BankSouth, Greensboro, GA has agreed to assume all deposits excluding certain brokered deposits.",$153.2,$139.7,North Georgia Bank,"February 4, 2011"
"Renasant Bank, Tupelo, MS has agreed to assume all deposits.",$238.2,$222.2,American Trust Bank,"February 4, 2011"
"U.S. Bank, National Association, Minneapolis, MN has agreed to assume all deposits excluding certain brokered deposits.","$2,310.0","$1,940.0",First Community Bank,"January 28, 2011"
"To protect the insured depositors, the FDIC created Deposit Insurance National Bank of Louisville - a new depository institution chartered by the Office of Thrift Supervision (OTS), which will remain open until February 28, 2011.",$781.5,$722.8,FirsTier Bank,"January 28, 2011"
"McFarland State Bank, McFarland, WI has agreed to assume all deposits excluding certain brokered deposits.",$246.5,$195.2,Evergreen State Bank,"January 28, 2011"
"Bank 7, Oklahoma City, OK has agreed to assume all deposits excluding certain brokered deposits.",$43.5,$40.3,The First State Bank,"January 28, 2011"
"First-Citizens Bank & Trust Co., Raleigh, NC has agreed to assume all deposits.","$2,050.0","$1,650.0",United Western Bank,"January 21, 2011"
"First Bank, Troy, NC has agreed to assume all deposits.",$195.1,$188.3,The Bank of Asheville,"January 21, 2011"
"CertusBank, National Association, Charlotte, NC has agreed to assume all deposits excluding certain brokered deposits.",$440.6,$402.4,CommunitySouth Bank and Trust,"January 21, 2011"
"To protect the insured depositors, the FDIC created Deposit Insurance National Bank of McDonough - a new depository institution chartered by the Office of Thrift Supervision (OTS), which will remain open until January 28, 2011.",$100.9,$95.5,Enterprise Banking Company,"January 21, 2011"
"Bank of the Ozarks, Little Rock, AR has agreed to assume all deposits excluding certain brokered deposits.",$230.6,$212.7,Oglethorpe Bank,"January 14, 2011"
"Enterprise Bank & Trust, Clayton, MO has agreed to assume all deposits.",$150.6,$125.9,Legacy Bank,"January 7, 2011"
"First Southern Bank, Boca Raton, FL has agreed to assume all deposits excluding certain brokered deposits.",$598.5,$529.6,First Commercial Bank of Florida,"January 7, 2011"
Bank of Sullivan has agreed to assume all deposits.,$42.8,$41.9,Community Bank of the Ozarks,"December 14, 2012"
"CertusBank, National Association has agreed to assume all deposits.",$124.6,$108.9,Hometown Community Bank,"November 16, 2012"
Heartland Bank and Trust Company has agreed to assume all deposits.,$924.0,$869.4,Citizens First National Bank,"November 2, 2012"
Centennial Bank has agreed to assume all deposits.,$225.5,$223.3,Heritage Bank of Florida,"November 2, 2012"
The FDIC has approved the payout of the insured deposits of NOVA Bank.,$483.0,$432.2,NOVA Bank,"October 26, 2012"
Simmons First National Bank has agreed to assume all deposits.,$200.6,$187.4,Excel Bank,"October 19, 2012"
"Stearns Bank National Association, has agreed to assume all deposits.",$67.2,$65.9,First East Side Savings Bank,"October 19, 2012"
SmartBank has agreed to assume all deposits.,$159.1,$151.1,GulfSouth Private Bank,"October 19, 2012"
"Old Plank Trail Community Bank, National Association has agreed to assume all deposits.",$328.4,$316.9,First United Bank,"September 28, 2012"
Simmons First National Bank has agreed to assume all deposits excluding certain brokered deposits.,$282.3,$245.7,Truman Bank,"September 14, 2012"
Republic Bank & Trust Company has agreed to assume all deposits.,$215.9,$206.8,First Commercial Bank,"September 7, 2012"
First Midwest Bank has agreed to assume all deposits.,$88.9,$77.5,Waukegan Savings Bank,"August 3, 2012"
"Stearns Bank National Association, has agreed to assume all deposits excluding certain brokered deposits.",$216.7,$213.1,Jasper Banking Company,"July 27, 2012"
Hinsdale Bank & Trust Company has agreed to assume all deposits.,$199.1,$175.9,Second Federal Savings and Loan Association of Chicago,"July 20, 2012"
Metcalf Bank has agreed to assume all deposits.,$110.0,$102.6,Heartland Bank,"July 20, 2012"
Community & Southern Bank has agreed to assume all deposits.,$222.7,$193.3,First Cherokee State Bank,"July 20, 2012"
Community & Southern Bank has agreed to assume all deposits excluding certain brokered deposits.,$119.8,$117.4,Georgia Trust Bank,"July 20, 2012"
First National Bank of the Gulf Coast has agreed to assume all deposits.,$87.0,$85.1,The Royal Palm Bank of Florida,"July 20, 2012"
Regional Missouri Bank has agreed to assume all deposits.,$24.8,$24.2,Glasgow Savings Bank,"July 13, 2012"
Ameris Bank has agreed to assume all deposits excluding certain brokered deposits.,$173.6,$164.4,Montgomery Bank & Trust,"July 6, 2012"
Clayton Bank and Trust has agreed to assume all deposits.,$163.9,$156.4,The Farmers Bank of Lynchburg,"June 15, 2012"
Fidelity Bank has agreed to assume all deposits.,$151.0,$147.9,Security Exchange Bank,"June 15, 2012"
Harbor Community Bank has agreed to assume all deposits.,$169.5,$160.0,Putnam State Bank,"June 15, 2012"
First Community Bank has agreed to assume all deposits excluding certain brokered deposits.,$533.1,$472.7,Waccamaw Bank,"June 8, 2012"
First State Bank has agreed to assume all deposits.,$43.1,$42.3,Farmers and Traders State Bank,"June 8, 2012"
Bank of North Carolina has agreed to assume all deposits.,$54.4,$53.1,Carolina Federal Savings Bank,"June 8, 2012"
F & M Bank has agreed to assume all deposits.,$46.1,$44.8,First Capital Bank,"June 8, 2012"
Southern States Bank has agreed to assume all deposits excluding certain brokered deposits.,$51.6,$45.1,Alabama Trust Bank,"May 18, 2012"
Banesco USA has agreed to assume all deposits.,$101.0,$99.1,Security Bank,"May 4, 2012"
Pacific Premier Bank has agreed to assume all deposits excluding certain brokered deposits.,$125.8,$122.8,Palm Desert National Bank,"April 27, 2012"
First Federal Bank has agreed to assume all deposits.,$486.4,$440.5,Plantation Federal Bank,"April 27, 2012"
Great Southern Bank has agreed to assume all deposits.,$481.6,$473.0,Inter Savings Bank,"April 27, 2012"
Sonabank has agreed to assume all deposits.,$164.3,$145.5,HarVest Bank of Maryland,"April 27, 2012"
"To protect the insured depositors, the FDIC created the Deposit Insurance National Bank (DINB) of Eastern Shore, Cambridge, MD which will remain open until May 25, 2012.",$166.7,$154.5,Bank of the Eastern Shore,"April 27, 2012"
Alma Bank has agreed to assume all deposits.,$51.9,$50.7,Fort Lee Federal Savings Bank,"April 20, 2012"
The Huntington National Bank has agreed to assume all deposits.,$818.2,$747.6,Fidelity Bank,"March 30, 2012"
"Stearns Bank National Association, has agreed to assume all deposits.",$95.7,$90.6,Covenant Bank & Trust,"March 23, 2012"
International Bank of Chicago has agreed to assume all deposits.,$268.7,$199.0,Premier Bank,"March 23, 2012"
The FDIC has approved the payout of the insured deposits of New City Bank.,$71.2,$72.4,New City Bank,"March 9, 2012"
Metro City Bank has agreed to assume all deposits.,$143.7,$116.8,Global Commerce Bank,"March 2, 2012"
The FDIC has approved the payout of the insured deposits of Home Savings of America.,$434.1,$432.2,Home Savings of America,"February 24, 2012"
Ameris Bank has agreed to assume all deposits.,$278.9,$266.6,Central Bank of Georgia,"February 24, 2012"
"First Merchants Bank, National Association has agreed to assume all deposits excluding certain brokered deposits.",$182.6,$171.6,SCB Bank,"February 10, 2012"
"Barrington Bank & Trust Company, National Association has agreed to assume all deposits.",$93.9,$89.5,Charter National Bank and Trust,"February 10, 2012"
"U.S. Bank National Association, has agreed to assume all deposits.",$272.6,$268.8,BankEast,"January 27, 2012"
First Resource Bank has agreed to assume all deposits.,$111.3,$108.3,Patriot Bank Minnesota,"January 27, 2012"
Republic Bank & Trust Company has agreed to assume all deposits excluding certain brokered deposits.,"$1,185.0","$1,156.0",Tennessee Commerce Bank,"January 27, 2012"
"CenterState Bank of Florida, National Association has agreed to assume all deposits excluding certain brokered deposits.",$377.9,$349.5,First Guaranty Bank and Trust Company of Jacksonville,"January 27, 2012"
"Capital Bank, National Association, has agreed to assume all deposits excluding certain brokered deposits.",$19.6,$17.7,American Eagle Savings Bank,"January 20, 2012"
Hamilton State Bank has agreed to assume all deposits excluding certain brokered deposits.,$536.9,$527.5,The First State Bank,"January 20, 2012"
"CenterState Bank of Florida, National Association, has agreed to assume all deposits excluding certain brokered deposits.",$79.1,$77.7,Central Florida State Bank,"January 20, 2012"
"Spirit of Texas Bank, SSB has agreed to assume all deposits.",$160.1,$142.6,Texas Community Bank,"December 13, 2013"
First Federal Bank of Florida has agreed to assume all deposits.,$25.5,$25.0,Bank of Jackson County,"October 30, 2013"
PlainsCapital Bank has agreed to assume all deposits.,"$3,100.0","$2,300.0",First National Bank,"September 13, 2013"
The FDIC has approved the payout of the insured deposits of The Community's Bank.,$26.3,$25.7,The Community's Bank,"September 13, 2013"
"First Fidelity Bank, National Association has agreed to assume all deposits.",$202.2,$196.9,Sunrise Bank of Arizona,"August 23, 2013"
"CB&S Bank, Inc. has agreed to assume all deposits and $121.7 million of the assets.",$386.9,$377.7,Community South Bank,"August 23, 2013"
Nicolet National Bank has agreed to assume all deposits.,$43.6,$40.7,Bank of Wausau,"August 9, 2013"
C1 Bank has agreed to assume all deposits.,$265.7,$254.2,First Community Bank of Southwest Florida,"August 2, 2013"
"First Tennessee Bank, National Association has agreed to assume all deposits excluding certain brokered deposits.",$437.3,$373.4,Mountain National Bank,"June 7, 2013"
Plaza Bank has agreed to assume all deposits.,$20.2,$19.6,1st Commerce Bank,"June 6, 2013"
"North Shore Bank, FSB has agreed to assume all deposits excluding certain brokered deposits.",$134.0,$127.6,Banks of Wisconsin,"May 31, 2013"
Western State Bank has agreed to assume all deposits.,$31.6,$30.8,Central Arizona Bank,"May 14, 2013"
Synovus Bank has agreed to assume all deposits.,$60.8,$57.8,Sunrise Bank,"May 10, 2013"
"Capital Bank, N.A. has agreed to assume all deposits.",$21.9,$21.2,Pisgah Community Bank,"May 10, 2013"
Hamilton State Bank has agreed to assume all deposits.,$316.5,$314.3,Douglas County Bank,"April 26, 2013"
"CertusBank, National Association has agreed to assume all deposits.",$108.6,$103.7,Parkway Bank,"April 26, 2013"
First Federal Bank of Florida has agreed to assume all deposits.,$39.2,$37.6,Chipola Community Bank,"April 19, 2013"
FirstAtlantic Bank has agreed to assume all deposits.,$110.9,$108.5,Heritage Bank of North Florida,"April 19, 2013"
Your Community Bank has agreed to assume all deposits.,$100.1,$93.9,First Federal Bank,"April 19, 2013"
"First Scottsdale Bank, National Association, has agreed to assume all deposits.",$45.2,$44.2,Gold Canyon Bank,"April 5, 2013"
HeritageBank of the South has agreed to assume all deposits.,$258.8,$224.1,Frontier Bank,"March 8, 2013"
Liberty Bank and Trust Company has agreed to assume all deposits excluding certain brokered deposits.,$58.4,$54.2,Covenant Bank,"February 15, 2013"
First Minnesota Bank has agreed to assume all deposits.,$50.2,$49.1,1st Regents Bank,"January 18, 2013"
Sunwest Bank has agreed to assume all deposits.,$97.7,$96.5,Westside Community Bank,"January 11, 2013"
BankVista has agreed to assume all deposits.,$18.8,$18.2,Northern Star Bank,"December 19, 2014"
"Bank of Southern California, N.A. has agreed to assume all deposits.",$86.4,$82.1,Frontier Bank,"November 7, 2014"
State Bank of Texas has agreed to assume all deposits excluding certain brokered deposits.,$954.4,$915.3,The National Republic Bank of Chicago,"October 24, 2014"
Howard Bank has agreed to assume all deposits.,$188.2,$183.1,NBRS Financial,"October 17, 2014"
"Providence Bank, LLC has agreed to assume all deposits.",$72.9,$71.0,GreenChoice Bank,"July 25, 2014"
Community & Southern Bank has agreed to assume all deposits.,$169.0,$161.6,Eastside Commercial Bank,"July 18, 2014"
Alva State Bank & Trust Company has agreed to assume all deposits.,$22.8,$20.9,The Freedom State Bank,"June 27, 2014"
"Landmark Bank, National Association has agreed to assume all deposits.",$81.8,$66.5,Valley Bank,"June 20, 2014"
Great Southern Bank has agreed to assume all deposits.,$456.4,$360.0,Valley Bank,"June 20, 2014"
"Bay Bank, FSB has agreed to assume all deposits.",$140.1,$111.1,Slavie Federal Savings Bank,"May 30, 2014"
"United Fidelity Bank, fsb has agreed to assume all deposits.",$36.5,$29.5,Columbia Savings Bank,"May 23, 2014"
Republic Bank of Chicago has agreed to assume all deposits.,$66.3,$65.0,AztecAmerica Bank,"May 16, 2014"
Palmetto State Bank has agreed to assume all deposits.,$54.5,$51.0,Allendale County Bank,"April 25, 2014"
First Choice Bank has agreed to assume all deposits.,$63.5,$62.5,Vantage Point Bank,"February 28, 2014"
WashingtonFirst Bank has agreed to assume all deposits.,$130.3,$121.7,Millennium Bank,"February 28, 2014"
Sunwest Bank has agreed to assume all deposits excluding certain brokered deposits.,$153.4,$145.1,Syringa Bank,"January 31, 2014"
BancFirst has agreed to assume all deposits excluding certain brokered deposits.,$331.4,$328.8,The Bank of Union,"January 24, 2014"
Republic Bank of Chicago has agreed to assume all deposits.,$61.7,$59.6,DuPage National Bank,"January 17, 2014"
Twin City Bank has agreed to assume all deposits.,$4.9,$4.7,Hometown National Bank,"October 2, 2015"
Fidelity Bank has agreed to assume all deposits.,$294.2,$280.7,The Bank of Georgia,"October 2, 2015"
"United Fidelity Bank, fsb has agreed to assume all deposits.",$31.7,$29.6,Premier Bank,"July 10, 2015"
Republic Bank of Chicago has agreed to assume all deposits.,$90.0,$90.0,Edgebrook Bank,"May 8, 2015"
"Banco Popular de Puerto Rico, Hato Rey, PR has agreed to accept all deposits. Banco Popular de Puerto Rico, entered into separate agreements to transfer deposits and assets in specific markets to Banco Popular North America, New York, NY, FirstBank Puerto Rico, Santurce, PR, and Centennial Bank, Conway, AR.","$5,900.0","$4,100.0",Doral Bank,"February 27, 2015"
First-Citizens Bank & Trust Company has agreed to assume all deposits.,$272.3,$262.7,Capitol City Bank & Trust Company,"February 13, 2015"
"United Fidelity Bank, fsb has agreed to assume all deposits.",$54.7,$53.5,Highland Community Bank,"January 23, 2015"
First NBC Bank has agreed to assume all deposits.,$79.7,$78.6,First National Bank of Crestview,"January 16, 2015"
Today's Bank has agreed to assume all deposits.,$66.3,$64.7,Allied Bank,"September 23, 2016"
United Bank has agreed to assume all deposits.,$21.4,$21.1,The Woodbury Banking Company,"August 19, 2016"
First-Citizens Bank & Trust Company has agreed to assume all deposits.,$103.3,$101.0,First CornerStone Bank,"May 6, 2016"
The Bank of Fayette County has agreed to assume all deposits.,$20.7,$20.3,Trust Company Bank,"April 29, 2016"
First-Citizens Bank & Trust Company has agreed to assume all deposits excluding certain brokered deposits.,$67.1,$61.5,North Milwaukee State Bank,"March 11, 2016"
Royal Savings Bank has agreed to assume the non-brokered insured deposits.,$166.3,$144.0,Washington Federal Bank for Savings,"December 15, 2017"
Conway Bank has agreed to assume all deposits.,$34.2,$29.6,The Farmers and Merchants State Bank of Argonia,"October 13, 2017"
"United Fidelity Bank, fsb has agreed to assume all deposits.",$34.4,$34.0,Fayette County Bank,"May 26, 2017"
First-Citizens Bank & Trust Company has agreed to assume all deposits.,"$1,000.0","$1,000.0",Guaranty Bank,"May 5, 2017"
"Whitney Bank has agreed to assume the transactional deposits (approximately $1.6 billion), and to purchase approximately $1 billion of the failed bank's assets. The FDIC mailed checks for the time deposits (CDs and IRAs) and retained the remaining assets for later disposition.","$4,740.0","$3,540.0",First NBC Bank,"April 28, 2017"
Cache Valley Bank has agreed to assume all deposits.,$68.2,$65.0,Proficio Bank,"March 3, 2017"
State Bank of Texas has agreed to assume all deposits.,$361.2,$307.1,Seaway Bank and Trust Company,"January 27, 2017"
First-Citizens Bank & Trust Company has agreed to assume all deposits.,$126.4,$123.8,Harvest Community Bank,"January 13, 2017"
